{
    "weightpath": "/home/saxelrod/Repo/projects/azo_barriers/examples/../models/singlet/0",
    "triplet_weightpath": "/home/saxelrod/Repo/projects/azo_barriers/examples/../models/triplet/0",
    "smiles_list": [
        "CCN(CC)c1ccc(/N=N\\c2ccc(NC(=O)C[N+](CC)(CC)CC)cc2)cc1",
        "CCN(c1ccccc1)c1cc(C(=O)NOC)ccc1/N=N/c1ccc(C(=O)NOC)cc1N(CC)c1ccccc1"
    ],
    "device": 2,
    "rdkit_confgen": {},
    "relaxed_scan": {},
    "confgen": {
        "num_parallel": 10,
        "num_in_chunk": 100
    },
    "evf": {
        "num_parallel": 1
    },
    "hessian": {
        "num_parallel": 2
    },
    "irc": {
        "num_parallel": 1
    },
    "triplet_crossing": {
        "num_parallel": 1
    },
    "num_parallel": 10,
    "num_in_chunk": 100,
    "smiles": "CCN(c1ccccc1)c1cc(C(=O)NOC)ccc1/N=N/c1ccc(C(=O)NOC)cc1N(CC)c1ccccc1",
    "inchikey": "ARBOUKQKGDLYJY-PFPMLOGWNA-N",
    "mechanism": "left_invert",
    "nxyz": [
        [
            6.0,
            0.08204884171758953,
            -0.19215511826550186,
            -2.3882537113815454
        ],
        [
            6.0,
            1.1942084933538735,
            -0.9055628922037922,
            -1.6460567991047692
        ],
        [
            7.0,
            1.9206172115302726,
            -0.001891749322834404,
            -0.7545750984511892
        ],
        [
            6.0,
            2.6293010972475246,
            1.0735140751603824,
            -1.3440848916972292
        ],
        [
            6.0,
            3.115015580373723,
            1.0321368930453338,
            -2.647031951227306
        ],
        [
            6.0,
            3.799690602724589,
            2.1188231628185155,
            -3.172870624047539
        ],
        [
            6.0,
            4.017917476958152,
            3.2518727592307437,
            -2.4079449619020306
        ],
        [
            6.0,
            3.538629393207414,
            3.294743516780881,
            -1.104583597844541
        ],
        [
            6.0,
            2.848294543487695,
            2.2186789842161083,
            -0.57902275795312
        ],
        [
            6.0,
            2.5493838972313814,
            -0.5975426139241116,
            0.3634356831801395
        ],
        [
            6.0,
            3.9227928550244493,
            -0.7110079252022554,
            0.4743555533290758
        ],
        [
            6.0,
            4.52951895068121,
            -1.2634094830794262,
            1.595376538550503
        ],
        [
            6.0,
            5.997212944139835,
            -1.384717468594668,
            1.751762263955769
        ],
        [
            8.0,
            6.553891529647099,
            -1.4301396283360066,
            2.839802153098898
        ],
        [
            7.0,
            6.679776077416591,
            -1.4456952252528625,
            0.5946406158862362
        ],
        [
            8.0,
            8.05155049071973,
            -1.4340095414404914,
            0.6274167854469335
        ],
        [
            6.0,
            8.602780313958634,
            -2.7469904351489416,
            0.7534092239416044
        ],
        [
            6.0,
            3.723675391017381,
            -1.7293686389136413,
            2.628250200080645
        ],
        [
            6.0,
            2.3536895802908506,
            -1.699410365327737,
            2.5247484634286246
        ],
        [
            6.0,
            1.7433593547364863,
            -1.1154154299282257,
            1.4022590399216137
        ],
        [
            7.0,
            0.418724826662707,
            -1.1001273854398326,
            1.3041959254213487
        ],
        [
            7.0,
            -0.7852765892347385,
            -1.1020195267671289,
            1.216241241352865
        ],
        [
            6.0,
            -1.4746967660049748,
            0.15920435328728538,
            1.1357081539516416
        ],
        [
            6.0,
            -0.8389280058957334,
            1.3907780354189287,
            1.1437998756476637
        ],
        [
            6.0,
            -1.5942456192841215,
            2.5412390473657247,
            1.0315732712562833
        ],
        [
            6.0,
            -2.979118686809211,
            2.4661898070813173,
            0.9001045469507782
        ],
        [
            6.0,
            -3.7288940993993775,
            3.753570399527044,
            0.8130035018217665
        ],
        [
            8.0,
            -3.325371130207641,
            4.772436452534982,
            1.3412777465221877
        ],
        [
            7.0,
            -4.835832760781681,
            3.7250449057488573,
            0.04022525569675311
        ],
        [
            8.0,
            -5.718872849982442,
            4.765221626169195,
            0.16984944629496385
        ],
        [
            6.0,
            -5.484690614779231,
            5.762813702548378,
            -0.8193234118838996
        ],
        [
            6.0,
            -3.6050425947149973,
            1.2256261989578974,
            0.9052529478995958
        ],
        [
            6.0,
            -2.8600987909472186,
            0.06446597073624005,
            1.0237933097910537
        ],
        [
            7.0,
            -3.4946058583256763,
            -1.1985123747007747,
            1.0240305032172032
        ],
        [
            6.0,
            -3.667108745185243,
            -1.8589052123709429,
            2.3093590736652643
        ],
        [
            6.0,
            -5.098370801445822,
            -1.81095813194954,
            2.8178345830913503
        ],
        [
            6.0,
            -3.661970058955316,
            -1.8794981024867317,
            -0.17100714039449488
        ],
        [
            6.0,
            -4.250281097171685,
            -3.1498645590434218,
            -0.20763999872083355
        ],
        [
            6.0,
            -4.399147146246542,
            -3.825479992436986,
            -1.4076284489038426
        ],
        [
            6.0,
            -3.976839389117646,
            -3.2671524379309296,
            -2.603975486920749
        ],
        [
            6.0,
            -3.406119410428267,
            -2.0029032500186363,
            -2.5764207551084293
        ],
        [
            6.0,
            -3.2540901784682448,
            -1.3146240266023457,
            -1.386499625078208
        ],
        [
            1.0,
            -0.5651254631037153,
            0.32504225667769404,
            -1.6858873036774258
        ],
        [
            1.0,
            -0.511316431730599,
            -0.9105687428581316,
            -2.946266287374348
        ],
        [
            1.0,
            0.4715210868736056,
            0.5405435275930812,
            -3.087541850694342
        ],
        [
            1.0,
            1.8733296190257673,
            -1.4000108751852063,
            -2.3427633853591647
        ],
        [
            1.0,
            0.7692311464987995,
            -1.693866229372618,
            -1.0352397385760583
        ],
        [
            1.0,
            2.9662131891659738,
            0.15612412443672877,
            -3.2536543277151893
        ],
        [
            1.0,
            4.17042104173169,
            2.0687991915790254,
            -4.183968680572228
        ],
        [
            1.0,
            4.553349068702367,
            4.091705246170456,
            -2.8189292467597626
        ],
        [
            1.0,
            3.6947153367029557,
            4.173300659730729,
            -0.499709194952274
        ],
        [
            1.0,
            2.4736348529448646,
            2.2508582446154386,
            0.4302728711599523
        ],
        [
            1.0,
            4.52252435695366,
            -0.29833725698583474,
