{
    "weightpath": "/home/saxelrod/Repo/projects/azo_barriers/examples/../models/singlet/0",
    "triplet_weightpath": "/home/saxelrod/Repo/projects/azo_barriers/examples/../models/triplet/0",
    "s0_s1_weightpath": "/home/saxelrod/Repo/projects/azo_barriers/examples/../models/s0_s1/0",
    "smiles_list": [
        "Fc1cc(F)c(/N=N\\c2c(F)cc(F)cc2F)c(F)c1",
        "CC(=O)Oc1cc(N(C)Cc2ccccn2)c(/N=N\\c2ccccc2N(C)Cc2ccccn2)cc1C"
    ],
    "device": 2,
    "rdkit_confgen": {},
    "relaxed_scan": {},
    "confgen": {
        "num_parallel": 20,
        "num_in_chunk": 100
    },
    "evf": {
        "num_parallel": 4
    },
    "hessian": {
        "num_parallel": 4
    },
    "irc": {
        "num_parallel": 4
    },
    "triplet_crossing": {
        "num_parallel": 4
    },
    "s0_s1_gap": {},
    "nxyz": [
        [
            6.0,
            -4.441199779510498,
            5.757599830627441,
            1.2523000240325928
        ],
        [
            6.0,
            -3.57450008392334,
            4.679299831390381,
            0.6654999852180481
        ],
        [
            8.0,
            -2.9888999462127686,
            4.839399814605713,
            -0.43479999899864197
        ],
        [
            8.0,
            -3.3968000411987305,
            3.4781999588012695,
            1.3215999603271484
        ],
        [
            6.0,
            -2.6117000579833984,
            2.4435999393463135,
            0.8360000252723694
        ],
        [
            6.0,
            -3.1654000282287598,
            1.4744000434875488,
            0.02370000071823597
        ],
        [
            6.0,
            -2.3826000690460205,
            0.42820000648498535,
            -0.47040000557899475
        ],
        [
            7.0,
            -2.9556000232696533,
            -0.5669000148773193,
            -1.3056999444961548
        ],
        [
            6.0,
            -2.4563000202178955,
            -0.7738999724388123,
            -2.6484999656677246
        ],
        [
            6.0,
            -4.048399925231934,
            -1.4011000394821167,
            -0.8479999899864197
        ],
        [
            6.0,
            -3.6735000610351562,
            -2.1963999271392822,
            0.34880000352859497
        ],
        [
            6.0,
            -3.121000051498413,
            -3.4481000900268555,
            0.19439999759197235
        ],
        [
            6.0,
            -2.751199960708618,
            -4.237500190734863,
            1.2633999586105347
        ],
        [
            6.0,
            -2.937700033187866,
            -3.7644999027252197,
            2.536799907684326
        ],
        [
            6.0,
            -3.4972000122070312,
            -2.4976999759674072,
            2.6849000453948975
        ],
        [
            7.0,
            -3.848299980163574,
            -1.7509000301361084,
            1.6043000221252441
        ],
        [
            6.0,
            -1.0526000261306763,
            0.42640000581741333,
            -0.10279999673366547
        ],
        [
            7.0,
            -0.25429999828338623,
            -0.65829998254776,
            -0.6187000274658203
        ],
        [
            7.0,
            0.9977999925613403,
            -0.7016000151634216,
            -0.41670000553131104
        ],
        [
            6.0,
            1.8310999870300293,
            -1.7506999969482422,
            -0.9046000242233276
        ],
        [
            6.0,
            1.5607999563217163,
            -3.0833001136779785,
            -0.6223999857902527
        ],
        [
            6.0,
            2.3812999725341797,
            -4.080599784851074,
            -1.1054999828338623
        ],
        [
            6.0,
            3.4848999977111816,
            -3.7920000553131104,
            -1.8758000135421753
        ],
        [
            6.0,
            3.7669999599456787,
            -2.4755001068115234,
            -2.1647000312805176
        ],
        [
            6.0,
            2.9405999183654785,
            -1.492400050163269,
            -1.6766999959945679
        ],
        [
            7.0,
            3.2715001106262207,
            -0.15440000593662262,
            -2.0002999305725098
        ],
        [
            6.0,
            2.322000026702881,
            0.6399999856948853,
            -2.7363998889923096
        ],
        [
            6.0,
            4.528800010681152,
            0.4230000078678131,
            -1.6105999946594238
        ],
        [
            6.0,
            4.711900234222412,
            0.42419999837875366,
            -0.13369999825954437
        ],
        [
            6.0,
            4.266900062561035,
            1.5211000442504883,
            0.5547999739646912
        ],
        [
            6.0,
            4.419400215148926,
            1.5616999864578247,
            1.9381999969482422
        ],
        [
            6.0,
            5.008600234985352,
            0.5138999819755554,
            2.6003000736236572
        ],
        [
            6.0,
            5.430600166320801,
            -0.5523999929428101,
            1.8466999530792236
        ],
        [
            7.0,
            5.282299995422363,
            -0.5875999927520752,
            0.5171999931335449
        ],
        [
            6.0,
            -0.5008000135421753,
            1.3954999446868896,
            0.7089999914169312
        ],
        [
            6.0,
            -1.2832000255584717,
            2.4209001064300537,
            1.1890000104904175
        ],
        [
            6.0,
            -0.7427999973297119,
            3.4965999126434326,
            2.0701000690460205
        ],
        [
            1.0,
            -5.415200233459473,
            5.724299907684326,
            0.7578999996185303
        ],
        [
            1.0,
            -3.97760009765625,
            6.768599987030029,
            1.0787999629974365
        ],
        [
            1.0,
            -4.53380012512207,
            5.641900062561035,
            2.340399980545044
        ],
        [
            1.0,
            -4.2032999992370605,
            1.482300043106079,
            -0.2587999999523163
        ],
        [
            1.0,
            -1.6496000289916992,
            -1.5174000263214111,
            -2.7084999084472656
        ],
        [
            1.0,
            -2.115999937057495,
            0.24220000207424164,
            -3.0053000450134277
        ],
        [
            1.0,
            -3.24780011177063,
            -1.0749000310897827,
            -3.3598999977111816
        ],
        [
            1.0,
            -4.945799827575684,
            -0.7570000290870667,
            -0.6161999702453613
        ],
        [
            1.0,
            -4.40310001373291,
            -2.068700075149536,
            -1.6606999635696411
        ],
        [
            1.0,
            -2.9456000328063965,
            -3.8842999935150146,
            -0.7961000204086304
        ],
        [
            1.0,
            -2.3183000087738037,
            -5.217899799346924,
            1.142300009727478
        ],
        [
            1.0,
            -2.660799980163574,
            -4.35260009765625,
            3.4142000675201416
        ],
        [
            1.0,
            -3.631700038909912,
            -2.152600049972534,
            3.7012999057769775
        ],
        [
            1.0,
            0.6818000078201294,
            -3.287100076675415,
            -0.01080000028014183
        ],
        [
            1.0,
            2.1454999446868896,
            -5.117499828338623,
            -0.8686000108718872
        ],
        [
            1.0,
            4.133500099182129,
            -4.595300197601318,
            -2.256500005722046
        ],
        [
            1.0,
            4.64769983291626,
