{
    "weightpath": "/home/saxelrod/Repo/projects/azo_barriers/examples/../models/singlet/0",
    "triplet_weightpath": "/home/saxelrod/Repo/projects/azo_barriers/examples/../models/triplet/0",
    "smiles_list": [
        "CCN(CC)c1ccc(/N=N\\c2ccc(NC(=O)C[N+](CC)(CC)CC)cc2)cc1",
        "CCN(c1ccccc1)c1cc(C(=O)NOC)ccc1/N=N/c1ccc(C(=O)NOC)cc1N(CC)c1ccccc1"
    ],
    "device": 2,
    "rdkit_confgen": {},
    "relaxed_scan": {},
    "confgen": {
        "num_parallel": 10,
        "num_in_chunk": 100
    },
    "evf": {
        "num_parallel": 1
    },
    "hessian": {
        "num_parallel": 2
    },
    "irc": {
        "num_parallel": 1
    },
    "triplet_crossing": {
        "num_parallel": 1
    },
    "num_parallel": 10,
    "num_in_chunk": 100,
    "smiles": "CCN(c1ccccc1)c1cc(C(=O)NOC)ccc1/N=N/c1ccc(C(=O)NOC)cc1N(CC)c1ccccc1",
    "inchikey": "ARBOUKQKGDLYJY-PFPMLOGWNA-N",
    "mechanism": "left_rot",
    "nxyz": [
        [
            6.0,
            1.1037904365402702,
            0.3857023714214386,
            -3.6636738595166487
        ],
        [
            6.0,
            1.9994849038213232,
            -0.5858152477511035,
            -2.91963467302492
        ],
        [
            7.0,
            2.755575271335033,
            0.06098901255589444,
            -1.8461857018893513
        ],
        [
            6.0,
            3.717942167550134,
            1.030863594239217,
            -2.196375875968442
        ],
        [
            6.0,
            4.3960646087546404,
            0.976377981319154,
            -3.4113374771979053
        ],
        [
            6.0,
            5.30628782958855,
            1.9661422304133747,
            -3.749736252384133
        ],
        [
            6.0,
            5.563168885753573,
            3.0181498047166513,
            -2.887137565362187
        ],
        [
            6.0,
            4.885546756714392,
            3.0784542231411294,
            -1.6772559858550682
        ],
        [
            6.0,
            3.9654358010261763,
            2.1044163351740304,
            -1.338001897005871
        ],
        [
            6.0,
            2.6775355063842095,
            -0.37821712583597916,
            -0.5400710085520363
        ],
        [
            6.0,
            3.8318333579363792,
            -0.4988013557535613,
            0.23337125228690983
        ],
        [
            6.0,
            3.7924730031412324,
            -0.9063842423197714,
            1.5516499684598382
        ],
        [
            6.0,
            5.023342711744075,
            -1.1007417671177602,
            2.367711636227535
        ],
        [
            8.0,
            5.040226310789344,
            -0.9612432263429393,
            3.5806576580362264
        ],
        [
            7.0,
            6.106483982992493,
            -1.4495734700126663,
            1.6580100471397752
        ],
        [
            8.0,
            7.313587496016252,
            -1.5727144597827993,
            2.2997703714436843
        ],
        [
            6.0,
            7.518552547976013,
            -2.8911687360297607,
            2.8146290828225857
        ],
        [
            6.0,
            2.558350771247565,
            -1.1776594254202981,
            2.167065464898199
        ],
        [
            6.0,
            1.4051317139773216,
            -1.0749475131175596,
            1.4515783353454048
        ],
        [
            6.0,
            1.419005523260012,
            -0.6732005876968817,
            0.0867584336552547
        ],
        [
            7.0,
            0.304191058419247,
            -0.5389298740198618,
            -0.6265479569822399
        ],
        [
            7.0,
            -0.8718426031441922,
            -0.7508535195899688,
            -0.1126260966673344
        ],
        [
            6.0,
            -1.5756082476008317,
            0.2377326115503214,
            0.45446964900731235
        ],
        [
            6.0,
            -1.0849360211505084,
            1.5536795779059,
            0.5880003655785678
        ],
        [
            6.0,
            -1.8631805132572978,
            2.529334578186949,
            1.1551385237208864
        ],
        [
            6.0,
            -3.159920262455858,
            2.2420844766404198,
            1.5754241358604817
        ],
        [
            6.0,
            -3.976388815239097,
            3.371494447485395,
            2.0985537043628457
        ],
        [
            8.0,
            -3.484334043671665,
            4.345145639856554,
            2.6466561892895615
        ],
        [
            7.0,
            -5.295509099867462,
            3.2396193649486587,
            1.8914297940914755
        ],
        [
            8.0,
            -6.14161316548181,
            4.213385263002552,
            2.361178373925525
        ],
        [
            6.0,
            -6.314834072624694,
            5.2712590777817665,
            1.4137654528046315
        ],
        [
            6.0,
            -3.6426899442197884,
            0.9405572564076428,
            1.4757503876334475
        ],
        [
            6.0,
            -2.875017900945315,
            -0.06487729366114102,
            0.9376735820363873
        ],
        [
            7.0,
            -3.3552974143754977,
            -1.3893417992498582,
            0.9168032024014685
        ],
        [
            6.0,
            -3.2137225448867337,
            -2.158331173352664,
            2.145257741539581
        ],
        [
            6.0,
            -4.539675457714663,
            -2.4311316542712254,
            2.8335143402742538
        ],
        [
            6.0,
            -3.7135521744659625,
            -1.9909112199012733,
            -0.2785418046592188
        ],
        [
            6.0,
            -3.982823363616896,
            -3.361769811375263,
            -0.35150457216366593
        ],
        [
            6.0,
            -4.342688966885994,
            -3.947023680689389,
            -1.5543831999843205
        ],
        [
            6.0,
            -4.450599671294702,
            -3.1965896177193294,
            -2.7137688870728915
        ],
        [
            6.0,
            -4.196328456114415,
            -1.8338848560645857,
            -2.6439292269555694
        ],
        [
            6.0,
            -3.8397890227991796,
            -1.2347486206974154,
            -1.450923456636734
        ],
        [
            1.0,
            0.3910236806470734,
            0.8339198433199483,
            -2.9794469611573127
        ],
        [
            1.0,
            0.5576850022440398,
            -0.13683603041147785,
            -4.444705858635357
        ],
        [
            1.0,
            1.681485203608416,
            1.17890199622479,
            -4.129461519571987
        ],
        [
            1.0,
            2.694588373352161,
            -1.066188555154541,
            -3.6041199685632983
        ],
        [
            1.0,
            1.4107274100498208,
            -1.3743562893147065,
            -2.4771398043974466
        ],
        [
            1.0,
            4.223045329604139,
            0.1686411148585275,
            -4.09950637750443
        ],
        [
            1.0,
            5.820392996186643,
            1.9024825061753992,
            -4.694955829234454
        ],
        [
            1.0,
            6.273312080243979,
            3.7829346759816227,
            -3.1539934214303584
        ],
        [
            1.0,
            5.061071884576202,
            3.896634712070169,
            -0.9978561432128585
        ],
        [
            1.0,
            3.431314066405343,
            2.1701280120014927,
            -0.4054011026496726
        ],
        [
            1.0,
            4.7727345351311445,
            -0.2510553406093915,
            -0.22585180819691886
