{
    "weightpath": "/home/saxelrod/Repo/projects/azo_barriers/examples/../models/singlet/0",
    "triplet_weightpath": "/home/saxelrod/Repo/projects/azo_barriers/examples/../models/triplet/0",
    "smiles_list": [
        "CCN(CC)c1ccc(/N=N\\c2ccc(NC(=O)C[N+](CC)(CC)CC)cc2)cc1",
        "CCN(c1ccccc1)c1cc(C(=O)NOC)ccc1/N=N/c1ccc(C(=O)NOC)cc1N(CC)c1ccccc1"
    ],
    "device": 2,
    "rdkit_confgen": {},
    "relaxed_scan": {},
    "confgen": {
        "num_parallel": 10,
        "num_in_chunk": 100
    },
    "evf": {
        "num_parallel": 1
    },
    "hessian": {
        "num_parallel": 2
    },
    "irc": {
        "num_parallel": 1
    },
    "triplet_crossing": {
        "num_parallel": 1
    },
    "num_parallel": 10,
    "num_in_chunk": 100,
    "smiles": "CCN(c1ccccc1)c1cc(C(=O)NOC)ccc1/N=N/c1ccc(C(=O)NOC)cc1N(CC)c1ccccc1",
    "inchikey": "ARBOUKQKGDLYJY-PFPMLOGWNA-N",
    "mechanism": "right_invert",
    "nxyz": [
        [
            6.0,
            0.7600049616939252,
            0.8559726081873469,
            -3.273031177248734
        ],
        [
            6.0,
            1.3934469504356324,
            -0.22154273458407459,
            -2.4117256183439952
        ],
        [
            7.0,
            2.525198035960421,
            0.2586191827645512,
            -1.6253379020566159
        ],
        [
            6.0,
            3.7128849102699717,
            0.6302691582932572,
            -2.2535366971069792
        ],
        [
            6.0,
            3.9578182788697953,
            0.32541754424196234,
            -3.594426892079153
        ],
        [
            6.0,
            5.12104518829859,
            0.7567078914629698,
            -4.212881451533212
        ],
        [
            6.0,
            6.070562960024537,
            1.4874692503229878,
            -3.5182875062974848
        ],
        [
            6.0,
            5.836542939995562,
            1.7835562042539552,
            -2.1824759529665236
        ],
        [
            6.0,
            4.67583438846402,
            1.3698712063621479,
            -1.5570959268127382
        ],
        [
            6.0,
            2.502993767947343,
            0.04944449415989789,
            -0.23836146069178948
        ],
        [
            6.0,
            3.4352723391976836,
            -0.7851337877971756,
            0.37651715546415127
        ],
        [
            6.0,
            3.392090046273793,
            -1.0215190159864362,
            1.7385790516284174
        ],
        [
            6.0,
            4.378232890783043,
            -1.9044911328666312,
            2.428176301419145
        ],
        [
            8.0,
            4.7596533279583895,
            -1.6931671103096086,
            3.566035014740637
        ],
        [
            7.0,
            4.7643664996398245,
            -2.9686967721125552,
            1.710730602008981
        ],
        [
            8.0,
            5.849070880033094,
            -3.6886306494808125,
            2.1360921585845407
        ],
        [
            6.0,
            5.459083524549069,
            -4.813054593766811,
            2.923491391711737
        ],
        [
            6.0,
            2.416820302720649,
            -0.40770180032802344,
            2.523761444362664
        ],
        [
            6.0,
            1.4870969206648332,
            0.4173670057309767,
            1.9322227218152672
        ],
        [
            6.0,
            1.534182240352835,
            0.6484866304286644,
            0.5646928992861076
        ],
        [
            7.0,
            0.6149071737445369,
            1.5586554838206215,
            -0.06952390051078439
        ],
        [
            7.0,
            -0.4519278413726535,
            1.7272057539838905,
            0.46528373324408573
        ],
        [
            6.0,
            -1.6293521974800125,
            1.893062463300708,
            1.0551261324659358
        ],
        [
            6.0,
            -2.0213561053190614,
            3.112806869345627,
            1.6243604469649824
        ],
        [
            6.0,
            -3.2907554174331595,
            3.230935741091791,
            2.1468075416823167
        ],
        [
            6.0,
            -4.211824142357953,
            2.1913093194058577,
            2.0743341733524367
        ],
        [
            6.0,
            -5.590843748800894,
            2.4269553469804452,
            2.5559730782573356
        ],
        [
            8.0,
            -5.884720174299656,
            3.2724938733935596,
            3.3862102336595306
        ],
        [
            7.0,
            -6.512461208318784,
            1.607994714205237,
            2.004583667327484
        ],
        [
            8.0,
            -7.816525163817152,
            1.7112060342176012,
            2.430080698617837
        ],
        [
            6.0,
            -8.549131475274969,
            2.6644332838990517,
            1.6591403578237336
        ],
        [
            6.0,
            -3.801776656456304,
            0.9770579472167125,
            1.5355612063366717
        ],
        [
            6.0,
            -2.522287014417071,
            0.7976067070452469,
            1.0652236271796938
        ],
        [
            7.0,
            -2.0647801606729512,
            -0.4423329716492792,
            0.5706945273890528
        ],
        [
            6.0,
            -1.481317563324327,
            -1.3630595708115565,
            1.5376161389265253
        ],
        [
            6.0,
            -2.4496712072214173,
            -2.4199852792560503,
            2.0382650957346837
        ],
        [
            6.0,
            -2.124341546857991,
            -0.7309004003504459,
            -0.7801326539534952
        ],
        [
            6.0,
            -1.7326110635999312,
            -1.9815666210487897,
            -1.2713200152650492
        ],
        [
            6.0,
            -1.756804066908213,
            -2.245338642208875,
            -2.630886249452888
        ],
        [
            6.0,
            -2.1786967070112144,
            -1.28826665931104,
            -3.539751130054489
        ],
        [
            6.0,
            -2.582110988174998,
            -0.05119288932487262,
            -3.057935764544315
        ],
        [
            6.0,
            -2.559073850783797,
            0.22984095120978854,
            -1.704788466009604
        ],
        [
            1.0,
            0.20611497433318143,
            1.5524544862664167,
            -2.6514860623566436
        ],
        [
            1.0,
            0.07002657542417466,
            0.40578569213462196,
            -3.9791689878708625
        ],
        [
            1.0,
            1.5115687236028754,
            1.406050258775463,
            -3.8303347334029962
        ],
        [
            1.0,
            1.7123711253638783,
            -1.0631550863403578,
            -3.0261467670947346
        ],
        [
            1.0,
            0.6685037302615795,
            -0.6140604917016296,
            -1.7105026049562588
        ],
        [
            1.0,
            3.2471050145745797,
            -0.24465001751959103,
            -4.164971341816202
        ],
        [
            1.0,
            5.280321482525508,
            0.5106258337751507,
            -5.250716805516037
        ],
        [
            1.0,
            6.971356373887002,
            1.8223225788200468,
            -4.005056139107075
        ],
        [
            1.0,
            6.556938922752691,
            2.355963018656006,
            -1.6203223926555845
        ],
        [
            1.0,
            4.5057304977670345,
            1.6263176618418191,
            -0.5256254857419608
        ],
        [
            1.0,
            4.205249963251497,
            -1.221913717304588,
