{
    "weightpath": "/home/saxelrod/Repo/projects/azo_barriers/examples/../models/singlet/0",
    "triplet_weightpath": "/home/saxelrod/Repo/projects/azo_barriers/examples/../models/triplet/0",
    "smiles_list": [
        "CCN(CC)c1ccc(/N=N\\c2ccc(NC(=O)C[N+](CC)(CC)CC)cc2)cc1",
        "CCN(c1ccccc1)c1cc(C(=O)NOC)ccc1/N=N/c1ccc(C(=O)NOC)cc1N(CC)c1ccccc1"
    ],
    "device": 2,
    "rdkit_confgen": {},
    "relaxed_scan": {},
    "confgen": {
        "num_parallel": 10,
        "num_in_chunk": 100
    },
    "evf": {
        "num_parallel": 1
    },
    "hessian": {
        "num_parallel": 2
    },
    "irc": {
        "num_parallel": 1
    },
    "triplet_crossing": {
        "num_parallel": 1
    },
    "nxyz": [
        [
            6.0,
            2.9054999351501465,
            1.2745000123977661,
            -2.9890999794006348
        ],
        [
            6.0,
            3.50219988822937,
            0.9993000030517578,
            -1.6431000232696533
        ],
        [
            7.0,
            3.2035999298095703,
            -0.30979999899864197,
            -1.1138999462127686
        ],
        [
            6.0,
            3.6654000282287598,
            -1.4987000226974487,
            -1.7496000528335571
        ],
        [
            6.0,
            3.396699905395508,
            -2.7499001026153564,
            -1.2231999635696411
        ],
        [
            6.0,
            3.8443000316619873,
            -3.8922998905181885,
            -1.840499997138977
        ],
        [
            6.0,
            4.586900234222412,
            -3.821899890899658,
            -3.0218000411987305
        ],
        [
            6.0,
            4.853700160980225,
            -2.5655999183654785,
            -3.5462000370025635
        ],
        [
            6.0,
            4.395500183105469,
            -1.4420000314712524,
            -2.911400079727173
        ],
        [
            6.0,
            2.407900094985962,
            -0.36980000138282776,
            0.06080000102519989
        ],
        [
            6.0,
            2.9839000701904297,
            0.11020000278949738,
            1.2508000135421753
        ],
        [
            6.0,
            2.2785000801086426,
            0.11219999939203262,
            2.4305999279022217
        ],
        [
            6.0,
            2.8017001152038574,
            0.58160001039505,
            3.697700023651123
        ],
        [
            8.0,
            2.0288000106811523,
            0.6873999834060669,
            4.702899932861328
        ],
        [
            7.0,
            4.1616997718811035,
            0.9315000176429749,
            3.8608999252319336
        ],
        [
            8.0,
            4.59689998626709,
            1.3615000247955322,
            5.066699981689453
        ],
        [
            6.0,
            5.632299900054932,
            2.272599935531616,
            4.938399791717529
        ],
        [
            6.0,
            0.9855999946594238,
            -0.3695000112056732,
            2.4170000553131104
        ],
        [
            6.0,
            0.41429999470710754,
            -0.8414999842643738,
            1.2548999786376953
        ],
        [
            6.0,
            1.1195000410079956,
            -0.8486999869346619,
            0.05570000037550926
        ],
        [
            7.0,
            0.5810999870300293,
            -1.3507000207901,
            -1.141700029373169
        ],
        [
            7.0,
            -0.46459999680519104,
            -0.9750000238418579,
            -1.6735999584197998
        ],
        [
            6.0,
            -1.28410005569458,
            0.039000000804662704,
            -1.1358000040054321
        ],
        [
            6.0,
            -0.805899977684021,
            1.3251999616622925,
            -1.0226999521255493
        ],
        [
            6.0,
            -1.559000015258789,
            2.384200096130371,
            -0.5220999717712402
        ],
        [
            6.0,
            -2.846100091934204,
            2.161600112915039,
            -0.11379999667406082
        ],
        [
            6.0,
            -3.734499931335449,
            3.2155001163482666,
            0.4205999970436096
        ],
        [
            8.0,
            -4.888800144195557,
            2.927000045776367,
            0.8289999961853027
        ],
        [
            7.0,
            -3.309499979019165,
            4.552800178527832,
            0.48080000281333923
        ],
        [
            8.0,
            -4.128600120544434,
            5.502200126647949,
            0.968999981880188
        ],
        [
            6.0,
            -4.460899829864502,
            6.361400127410889,
            -0.08659999817609787
        ],
        [
            6.0,
            -3.3459999561309814,
            0.8755000233650208,
            -0.21850000321865082
        ],
        [
            6.0,
            -2.5769999027252197,
            -0.17219999432563782,
            -0.7218000292778015
        ],
        [
            7.0,
            -3.1458001136779785,
            -1.4987000226974487,
            -0.810699999332428
        ],
        [
            6.0,
            -3.2685000896453857,
            -2.0215001106262207,
            -2.146199941635132
        ],
        [
            6.0,
            -4.19290018081665,
            -1.1445000171661377,
            -2.997499942779541
        ],
        [
            6.0,
            -3.5343000888824463,
            -2.1893999576568604,
            0.35920000076293945
        ],
        [
            6.0,
            -3.392400026321411,
            -1.6232000589370728,
            1.6229000091552734
        ],
        [
            6.0,
            -3.7574000358581543,
            -2.2748000621795654,
            2.781399965286255
        ],
        [
            6.0,
            -4.291900157928467,
            -3.5467000007629395,
            2.7309999465942383
        ],
        [
            6.0,
            -4.441400051116943,
            -4.126699924468994,
            1.4817999601364136
        ],
        [
            6.0,
            -4.062900066375732,
            -3.4463000297546387,
            0.31189998984336853
        ],
        [
            1.0,
            3.713399887084961,
            1.6902999877929688,
            -3.6533000469207764
        ],
        [
            1.0,
            2.129699945449829,
            2.0845000743865967,
            -2.8143999576568604
        ],
        [
            1.0,
            2.370500087738037,
            0.42570000886917114,
            -3.4474000930786133
        ],
        [
            1.0,
            3.274899959564209,
            1.8041000366210938,
            -0.9064000248908997
        ],
        [
            1.0,
            4.639500141143799,
            1.0154999494552612,
            -1.7100000381469727
        ],
        [
            1.0,
            2.8162999153137207,
            -2.8148000240325928,
            -0.30149999260902405
        ],
        [
            1.0,
            3.638700008392334,
            -4.893199920654297,
            -1.43340003490448
        ],
        [
            1.0,
            4.942599773406982,
            -4.720600128173828,
            -3.517899990081787
        ],
        [
            1.0,
            5.435200214385986,
            -2.464200019836426,
            -4.474999904632568
        ],
        [
            1.0,
            4.651000022888184,
            -0.48980000615119934,
            -3.3875999450683594
        ],
        [
            1.0,
            3.9911999702453613,
            0.4884999990463257,
            1.2590999603271484
        ],
        [
            1.0,
            4.8165998458862305,
            0.8582000136375427,
            3.059000015258789
        ],
        [
            1.0,
            5.576700210571289,
