{
    "weightpath": "/home/saxelrod/Repo/projects/azo_barriers/examples/../models/singlet/0",
    "triplet_weightpath": "/home/saxelrod/Repo/projects/azo_barriers/examples/../models/triplet/0",
    "s0_s1_weightpath": "/home/saxelrod/Repo/projects/azo_barriers/examples/../models/s0_s1/0",
    "smiles_list": [
        "Fc1cc(F)c(/N=N\\c2c(F)cc(F)cc2F)c(F)c1",
        "CC(=O)Oc1cc(N(C)Cc2ccccn2)c(/N=N\\c2ccccc2N(C)Cc2ccccn2)cc1C"
    ],
    "device": 2,
    "rdkit_confgen": {},
    "relaxed_scan": {},
    "confgen": {
        "num_parallel": 20,
        "num_in_chunk": 100
    },
    "evf": {
        "num_parallel": 4
    },
    "hessian": {
        "num_parallel": 4
    },
    "irc": {
        "num_parallel": 4
    },
    "triplet_crossing": {
        "num_parallel": 4
    },
    "s0_s1_gap": {},
    "nxyz": [
        [
            9.0,
            -5.860199928283691,
            0.28700000047683716,
            -0.21979999542236328
        ],
        [
            6.0,
            -4.514800071716309,
            0.29910001158714294,
            -0.0658000037074089
        ],
        [
            6.0,
            -3.753999948501587,
            -0.8424999713897705,
            0.07109999656677246
        ],
        [
            6.0,
            -2.3661000728607178,
            -0.7871000170707703,
            0.2281000018119812
        ],
        [
            9.0,
            -1.6241999864578247,
            -1.9106999635696411,
            0.3619999885559082
        ],
        [
            6.0,
            -1.7236000299453735,
            0.4323999881744385,
            0.249099999666214
        ],
        [
            7.0,
            -0.3093999922275543,
            0.45820000767707825,
            0.41040000319480896
        ],
        [
            7.0,
            0.3540000021457672,
            -0.49559998512268066,
            -0.0754999965429306
        ],
        [
            6.0,
            1.781499981880188,
            -0.4296000003814697,
            0.11060000211000443
        ],
        [
            6.0,
            2.294300079345703,
            -0.5519999861717224,
            1.3805999755859375
        ],
        [
            9.0,
            1.4580999612808228,
            -0.7335000038146973,
            2.4463999271392822
        ],
        [
            6.0,
            3.6644999980926514,
            -0.48410001397132874,
            1.5216000080108643
        ],
        [
            6.0,
            4.478400230407715,
            -0.30000001192092896,
            0.42239999771118164
        ],
        [
            9.0,
            5.831200122833252,
            -0.23309999704360962,
            0.5633999705314636
        ],
        [
            6.0,
            3.9635000228881836,
            -0.1777999997138977,
            -0.8463000059127808
        ],
        [
            6.0,
            2.5973000526428223,
            -0.24580000340938568,
            -0.9847999811172485
        ],
        [
            9.0,
            2.0167999267578125,
            -0.1339000016450882,
            -2.202899932861328
        ],
        [
            6.0,
            -2.4941999912261963,
            1.5628000497817993,
            0.11159999668598175
        ],
        [
            9.0,
            -1.850600004196167,
            2.7618000507354736,
            0.13359999656677246
        ],
        [
            6.0,
            -3.8666000366210938,
            1.5146000385284424,
            -0.04399999976158142
        ],
        [
            1.0,
            -4.2519001960754395,
            -1.7968000173568726,
            0.05530000105500221
        ],
        [
            1.0,
            4.087900161743164,
            -0.580299973487854,
            2.530100107192993
        ],
        [
            1.0,
            4.556300163269043,
            -0.032999999821186066,
            -1.7353999614715576
        ],
        [
            1.0,
            -4.468200206756592,
            2.4200000762939453,
            -0.15230000019073486
        ]
    ],
    "smiles": "Fc1cc(F)c(/N=N/c2c(F)cc(F)cc2F)c(F)c1",
    "inchikey": "HMLFKPVOBDCWOV-FMQUCBEENA-N",
    "exclude_from_rmsd": {
        "idx": [
            3,
            4,
            5,
            6
        ],
        "template_smiles": "c1ccc(/N=N/c2ccccc2)cc1"
    },
    "fixed_atoms": {
        "idx": null,
        "template_smiles": null
    },
    "geom_type": "endpoint",
    "num_parallel": 20,
    "num_in_chunk": 100
}