{
    "weightpath": "/home/saxelrod/Repo/projects/azo_barriers/examples/../models/singlet/0",
    "triplet_weightpath": "/home/saxelrod/Repo/projects/azo_barriers/examples/../models/triplet/0",
    "smiles_list": [
        "CCN(CC)c1ccc(/N=N\\c2ccc(NC(=O)C[N+](CC)(CC)CC)cc2)cc1",
        "CCN(c1ccccc1)c1cc(C(=O)NOC)ccc1/N=N/c1ccc(C(=O)NOC)cc1N(CC)c1ccccc1"
    ],
    "device": 2,
    "rdkit_confgen": {},
    "relaxed_scan": {},
    "confgen": {
        "num_parallel": 10,
        "num_in_chunk": 100
    },
    "evf": {
        "num_parallel": 1
    },
    "hessian": {
        "num_parallel": 2
    },
    "irc": {
        "num_parallel": 1
    },
    "triplet_crossing": {
        "num_parallel": 1
    },
    "num_parallel": 10,
    "num_in_chunk": 100,
    "smiles": "CCN(CC)c1ccc(/N=N/c2ccc(NC(=O)C[N+](CC)(CC)CC)cc2)cc1",
    "inchikey": "CAMFOMFEKZVSBT-DQDYIGAPNA-O",
    "mechanism": "right_invert",
    "nxyz": [
        [
            6.0,
            10.352355179176184,
            -0.37780973992282,
            1.0158655956018736
        ],
        [
            6.0,
            9.136925925941528,
            -0.6612645704837363,
            0.15251734067345266
        ],
        [
            7.0,
            7.900488868751374,
            -0.044092812093234304,
            0.6239582253638029
        ],
        [
            6.0,
            8.0188444377356,
            1.266919044134661,
            1.2461509043072865
        ],
        [
            6.0,
            8.299767607594912,
            2.3806089547643463,
            0.24843273110223002
        ],
        [
            6.0,
            6.730075486132607,
            -0.3914633934041064,
            -0.011306507056463588
        ],
        [
            6.0,
            5.498261757236772,
            0.22139617930222885,
            0.31572941565618234
        ],
        [
            6.0,
            4.318397830070572,
            -0.18028458048382232,
            -0.26596192981001826
        ],
        [
            6.0,
            4.311142357181497,
            -1.2022373528070265,
            -1.2086371856097893
        ],
        [
            7.0,
            3.1587731117599156,
            -1.7247721466124313,
            -1.8663096224042246
        ],
        [
            7.0,
            2.062175451850821,
            -1.253580468770976,
            -1.6385451788389296
        ],
        [
            6.0,
            0.8513181923816786,
            -0.7476500725262535,
            -1.4010341807287843
        ],
        [
            6.0,
            0.2818609966854878,
            -0.7321513485285253,
            -0.11862944251298886
        ],
        [
            6.0,
            -1.0512680980319051,
            -0.40137011297033265,
            0.06200388635915099
        ],
        [
            6.0,
            -1.8298092494609668,
            -0.0031763097802852366,
            -1.0176218202418066
        ],
        [
            7.0,
            -3.2149402243096943,
            0.250316668609987,
            -0.9604743609597636
        ],
        [
            6.0,
            -4.057962877539283,
            0.07416245866202455,
            0.07122800537996336
        ],
        [
            8.0,
            -3.7174950555613893,
            -0.08630541029681699,
            1.2284005726584408
        ],
        [
            6.0,
            -5.50327825958192,
            0.022883631969827095,
            -0.4028962110993396
        ],
        [
            7.0,
            -6.562551074979383,
            0.1806235631369781,
            0.6354782082187687
        ],
        [
            6.0,
            -6.405002023212807,
            1.4942505509647432,
            1.3714238250913973
        ],
        [
            6.0,
            -6.499048843002859,
            2.7335361619602545,
            0.5101150118471375
        ],
        [
            6.0,
            -7.872521273290021,
            0.12326664442429609,
            -0.12130660476006959
        ],
        [
            6.0,
            -9.11674793238582,
            0.23818246311678848,
            0.7274674613605309
        ],
        [
            6.0,
            -6.5040664723250545,
            -0.9139960352133327,
            1.6852088009605444
        ],
        [
            6.0,
            -6.669867799680001,
            -2.3229343954582498,
            1.1641014900377964
        ],
        [
            6.0,
            -1.2351479959470688,
            0.0929301860992327,
            -2.275045296164656
        ],
        [
            6.0,
            0.06437263842228716,
            -0.29774504261029716,
            -2.478145086548162
        ],
        [
            6.0,
            5.510546049143676,
            -1.7927167624433968,
            -1.5661845841865238
        ],
        [
            6.0,
            6.70082219414054,
            -1.3989841817221673,
            -0.9932096483780151
        ],
        [
            1.0,
            10.170867767390952,
            -0.6455300349101869,
            2.053470343374529
        ],
        [
            1.0,
            10.66645639036361,
            0.6604034551173835,
            0.975131275902186
        ],
        [
            1.0,
            11.177366420535499,
            -0.9831591669873629,
            0.6509358294453991
        ],
        [
            1.0,
            8.985732964102915,
            -1.7355274821759827,
            0.1433937357013059
        ],
        [
            1.0,
            9.343901852992923,
            -0.36306441960786967,
            -0.8778590907409886
        ],
        [
            1.0,
            8.811547019756224,
            1.2141154156304792,
            1.9809283616422497
        ],
        [
            1.0,
            7.119032467647561,
            1.4795927593302136,
            1.8073004441252987
        ],
        [
            1.0,
            7.475507258634113,
            2.4935463300463945,
            -0.45133919765738395
        ],
        [
            1.0,
            8.44317568076534,
            3.326274914913794,
            0.7656561428666895
        ],
        [
            1.0,
            9.201257924013516,
            2.1685579789321343,
            -0.3213878200530438
        ],
        [
            1.0,
            5.4597764559550415,
            1.0114145499304663,
            1.0420818678583315
        ],
        [
            1.0,
            3.3925291899723837,
            0.29483929086004285,
            0.014503325755075973
        ],
        [
            1.0,
            0.8730753746905172,
            -1.045409587312568,
            0.724844993123905
        ],
        [
            1.0,
            -1.4820702646187423,
            -0.46113347114936004,
            1.0432334816078608
        ],
        [
            1.0,
            -3.635415181679388,
            0.4154639354038637,
            -1.857257499929586
        ],
        [
            1.0,
            -5.677041551309392,
            0.7791833923036239,
            -1.1564142086889133
        ],
        [
            1.0,
            -5.652993853127039,
            -0.9383586905229173,
            -0.8803754028186255
        ],
        [
            1.0,
            -5.4439575823826525,
            1.4350521566408765,
            1.8623095742228428
        ],
        [
            1.0,
            -7.171857921193694,
            1.500511998599183,
            2.1335677949709377
        ],
        [
            1.0,
            -6.3442362782775135,
            3.5859659283068384,
            1.1647976566885034
        ],
        [
            1.0,
            -7.472831037701117,
            2.848964506033666,
            0.04686053948854197
        ],
        [
            1.0,
            -5.733754013130583,
            2.7705824623669866,
            -0.2581587331073499
        ],
        [
            1.0,
            -7.864464307422221,
            -0.814563522453523,
